{"file_hashes":[{"block_hashes":["z5m+hcbYXX3nUevRIQ61YCgBlENCddZ1jNOGrc7b/Ho="],"block_size":4096,"path":"_locales/zh_HK/messages.json"},{"block_hashes":["JbmFeKscGohDObbpK8n1hlT4y7GDJ+lv1NaDnEhS718=","x0jnzmX2SAjhWedZPKbc2Tqa5Pd+PgviJ/iPdhUfYCY=","Zx1rN9R4NBwSsyUO78TRV3AiBbtSicoXsJ/L1brjqGg=","KvJks9o+lDPPMbSGUV9iX/RY4N+AQ5E7CoRUfCq1Tx8=","3KFZfbc58sBxzNP2742IxMci5fK6TeKkhgvy+VMT7SE=","5OD+iIv3zcn1Ru6OQIaDOvYCYLvmeTZQS6sMyKJpvbU=","0Sn6aT2vnDyT3/+6keHxXd8+OhAFqR361K4dXTcW178=","PkrOVkPU+M7+zOX0ib3ncAr+W3+52VdRnVNeQg+JTRc=","N/LZcSOrHoy7hwXd9RGYQHhl0TbCmpkPSTCwVQrO7Eg=","4n+yANoOWuVmmKJZ5BzCkt4ozTYbYsxXpGfrc1af+eA=","rhr2+Uel21zliNCtp5A0ub2ZMYlDS4PFuovcy6Prg2w=","tJ07TI3KoJINItiiiY0XTt7Ft5s0UzY1ON+WpVoyfEg=","tQzu1gc0bwaj61XBT2Ph6BJPNISVXatrjR+pt9Brb+k=","rB4uPFxYtggcovMjNdUr7sw3npygqHRKBs/AnTJ/66I=","CnXPN/BJwFYXgC6DdeWyhw5QH2qvYrhHOzYDYSTpfuA=","DyNUWKuGN0NWU952/2Z1PpiE/WgOu1MAygy0MfHFwZc=","yNS9Bt4sFONicJnBvGqe41O2dzb97U4GZ/XdQs0zFOo=","6gdCJQoBmTLcXPDRPXEHbTorQAEMyUFvjMJ3CfykQ8Y=","VgivnKRevDMrJjmIGxEsAe3PlcF7Blvu1uaIgdU5N8k=","pZ91srgp3X8vvsZV6Zgo6/lR56Bh8SKAhddSo03aAlY=","pQXbLLvqPw09pxnIde+ZslmdS+cHPP0D35GzonS5uhI=","FHzmQsXqcvUn0XloCLUWUBKsHN6n33gI6EZl5mW9FRs=","0vdArc9Ni8XtvWC4tPaenA3EsGp09DxgTwQbcjieShc=","aX919cx6AJGArCYwCBnEM/TlzOzUGQeZQZd0nJBvNOo=","niOx33ByiO9xxtHkS2GLqLYD8gcC7ToXLFf/9SDTVn0=","YmEBEU0wBA/4NjQvbNH8IpaUf6l1iYqbIHmr1Mb0w0E=","IbbXkZiVQ6DLW4zajzyfAiagM2dg1JQwmUso7iWkOYE=","6nFyH/YWp6Zr18Qk+YzlaaV1Ni8GC2JJDe3UMI/gmAQ=","QVPVIx2nrfGJXvHDpt59Cswy8sFNC8a5+eeLRrZqIA8="],"block_size":4096,"path":"contentscript.js"},{"block_hashes":["WVj1EqaJiOHqIbNCEE3zJYKHNpHLf9bWUzsSA1c/0jg=","BGeRoEbCrpBs+z8pLmRacd8rNwWru4/nW1H6lsXeRag=","VxbtgHS1ARJePXgxxSlNXdGTtKe6edIrlXZYVKPA1QU="],"block_size":4096,"path":"inject_style.css"},{"block_hashes":["g2li482Hmgg7HSJC5zgtu8crxGjAvciGceVrspHYIrI="],"block_size":4096,"path":"options.css"},{"block_hashes":["PoaFVEn0GDrcWSiDjGLkez6YOrrwS3ozhb3khTzaAkE=","dIiQ5m7O67OvnuSlEzH0YZ/ylJpC1wCDAMfJriIwbbM="],"block_size":4096,"path":"options.html"},{"block_hashes":["+Q9YesossqlN+nFzBh1OFFu7sIDy/4scl4z0VIJTQuw=","yATZklWdk2obJ5m2gf6t2vpSZgEeadOD21oMeb4GRQY=","9BMyGfsDmglphtNRmTdhOiN2HWvn6HTjBByawH6Fyzo=","iEHQupgZuoERlDlsrtIcqK3RxHaS2HqZOJUYHJoDKNM="],"block_size":4096,"path":"options.js"},{"block_hashes":["3fiiKekHUvSH2yoVJDndqwE7AVMhdKyvUbm8pJy82FI=","H0XSWBx37mrtBQkgvfMQF5rQFJP73g6KOFxqMsvMD/Q="],"block_size":4096,"path":"options_input.css"},{"block_hashes":["C1MBxsjuKEgL03dA+ONjCCFM4FY7v4T2nrQlWzMZiP4="],"block_size":4096,"path":"paypal_button.webp"},{"block_hashes":["NSWFRchbfGzOFcGxsZQn7yWF/NPqzUUCcXucDgRZ4lM=","qGPvbU3Wv1NxL/N0A/V9B4IjnqCllfCuAYzLPp5rzHg="],"block_size":4096,"path":"script.js"}],"version":2}