{"file_hashes":[{"block_hashes":["3fFoWaFfPrMzTWJBl1yjmIrD6vw9lkUqw6Sv02RMhVA="],"block_size":4096,"path":"_locales/be/messages.json"},{"block_hashes":["pIJmMpKpE7AqnN5GNcfJInC/PIcm/SdEddwsSQAZp8k="],"block_size":4096,"path":"_locales/cy/messages.json"},{"block_hashes":["pBZw1SQjumnHpl5+FT57mZTo3QNwxYS9oHFL1hxJxXg="],"block_size":4096,"path":"_locales/eu/messages.json"},{"block_hashes":["mJBxDfD78dtBvOQf4vYkJKO9OddV0p6Cl0TtPaDCzh0="],"block_size":4096,"path":"_locales/gl/messages.json"},{"block_hashes":["Cxbj+L2QSnZyhDRa6GoKmSfEev6J4F6isTrYAAm9+eQ="],"block_size":4096,"path":"_locales/hy/messages.json"},{"block_hashes":["4WMl0aZB73Qh8rr81kM9U1Q8idSY3ZZBmwPLpgucfWA="],"block_size":4096,"path":"_locales/is/messages.json"},{"block_hashes":["u7gcMvSCujIWybEYnHDO85yowhga81OP+ge0xq1S8Go="],"block_size":4096,"path":"_locales/iw/messages.json"},{"block_hashes":["MImLv1G91Y2zl/94DwYeM0MaOO9c/CiLUXfs92s5nyY="],"block_size":4096,"path":"_locales/ka/messages.json"},{"block_hashes":["VI3GyW4xoWzjVdxVxkgzsI7z+6i/MxSQMbSmhZWeOvQ="],"block_size":4096,"path":"_locales/kk/messages.json"},{"block_hashes":["phGPCg3jKeB8AfU81vtP7UPlTF9T20zRx/WytNn7EOY="],"block_size":4096,"path":"_locales/km/messages.json"},{"block_hashes":["iQgvsFIpgmvCIvXSLBWCNfAl8ObfZ/8TWhi9iZ4Tu48="],"block_size":4096,"path":"_locales/lo/messages.json"},{"block_hashes":["YT2HUfbMnT+jGfS36osr077Tf9B3SCyoJZKd18Eqaag="],"block_size":4096,"path":"_locales/mn/messages.json"},{"block_hashes":["JDvvvWtnohQz3Ml9wacoiW06Bw3CAFXrBNZE4buVX+c="],"block_size":4096,"path":"_locales/my/messages.json"},{"block_hashes":["Fg4c1ZPJAccpHqTsunNRkdeT3f1+lkagVgSYYn9h2m8="],"block_size":4096,"path":"_locales/ne/messages.json"},{"block_hashes":["u9N9Qbfeb5OUj6JDenaZ1MMKPDnnNheXAvISyzajEzw="],"block_size":4096,"path":"_locales/pa/messages.json"},{"block_hashes":["VCQevmUag0QjXMR6/SdMCAq668jDolr7ldg3O2pWcKI="],"block_size":4096,"path":"_locales/si/messages.json"},{"block_hashes":["MPRM+tBS1z2G0S+iDPwRFWOjsuRSO0P31m2TS6jazpE="],"block_size":4096,"path":"_locales/zh_HK/messages.json"},{"block_hashes":["7Hjd1MzzK1127HAaIBZ8P70UbXmlBeT7BCH8Hlz0qmM="],"block_size":4096,"path":"_locales/zu/messages.json"},{"block_hashes":["bGnOD+b6sU8ZkKMg1wT+42LBdcAOtskiSqb0EQiRjKY="],"block_size":4096,"path":"dasherSettingSchema.json"},{"block_hashes":["I1MpdPJA+4CJ5WkIqXCkdFEUsat2NWpTCgOJbsdv4/c=","mmReHarB12d4quEt3bOiMDfF3b04tK+Tuq1Beecg8xw=","gVr4pmzaUwoR9UsZQb3IhiuSl7dsoCp4ONmGZcSWQgQ=","FTd9yE7RmWr4FcNK9FYGOCa9/jObemjq40ot56p5Nkg=","9oIJfTol1ymH47Mwja9ooV3FTRexK+0sj/pyW919FMM=","r6iiQmbgxfGlbj3gBn7Y6WbfWKtRi4FXN7NtWzD40x8=","EKV5soyJAps9m15BzzD35medEgq14TcfHtmKmUdxG44=","UOG5CMoWL3KE4uofMeRf7008n+btFifnL74HEWHvVrg=","OwtaFJ54+/hTt1RARc8geWJ1a3PreGoUh498J8nT268=","l7Sr0FrSLlZhjEP1zGg2wtBsqDeh8u2F+W1gVcdV/xY=","ppBBg6Q12wmEz5xpUx3D4qGldcPZTJdTF1gQ7v9NvYY=","Tc4gEXIzrK03l/p5SxJqDhm6Fc9GKfkVXKFI10jsdvI=","kUoZlK7VvKNedwRsQh0Evjn7OCVv19ZSqosSn5LnTGE=","a4yrs0R+xK51ak/0XPSzpte2SMh5RbcH7NWnlCy37JM=","+FJkGkrcjEvU6uhZxfuL0Ht1QcCjsWAkqFglnylrdDI=","mHx2/vnJcKy2Ze+x7lytvjmCYiTYziVlMjKr8XtXaAs=","h2RmWgH7+7ya1SmZHXULo+ASEqQbKoHzJuFptJudvaw=","CYyt8E/FzKxpXtyEiHCKKaXiFpbU7e8owh4wzjxcKWM=","30yHy3XR+MW23TJCL7QaCJX+7/ttkQGP8pJM9MmPVIo=","HbIUXA/NqDtDJNH88fvKcb6fY4gWQqepNo08ksSgo24="],"block_size":4096,"path":"eventpage_bin_prod.js"},{"block_hashes":["yuYIVVNjpf/mlAV0rG7NA8msJMMpSEWYt47kY1VLxZE="],"block_size":4096,"path":"page_embed_script.js"}],"version":2}